INSERT INTO `product` (`product_id`, `product_name`, `product_type`, `description`, `unit_capacity`, `unit_price`) VALUES
(10, 'promate single rule CR 80pages', 'stationary', 'available book types are single rule, double rule, square rule: no of pages 40,80,120,160:CR and exercise:promate and atlas', 15, '115.00'),
(11, 'promate double rule CR 80pages', 'stationary', 'available book types are single rule, double rule, square rule: no of pages 40,80,120,160:CR and exercise:promate and atlas', 15, '115.00'),
(12, 'promate square rule CR 80pages', 'stationary', 'available book types are single rule, double rule, square rule: no of pages 40,80,120,160:CR and exercise:promate and atlas', 15, '115.00'),
(13, 'OPPO A53 Cell Phone Cover', 'Electronics', 'Only black color covers are available. ', 5, '500.00'),
(14, 'Galaxy S5 Cell Phone Cover', 'Electronics', 'Only black color covers are available. ', 5, '550.00'),
(15, 'iPhone 12 Pro Max Phone Cover', 'Electronics', 'Only Black color covers are available.', 6, '1000.00'),
(16, 'OPPO A53 Phone Charger', 'Electronics', 'Only White color available', 20, '1000.00'),
(17, 'Galaxy S5 Cell Phone Charger', 'Electronics', 'Only white color charges are available', 20, '1200.00'),
(18, 'rechargeable torch', 'Electronics', 'Charger is available', 30, '3000.00'),
(19, 'Hair dryer ', 'Hair Care', 'Can be used for any type of hair.', 10, '1000.00'),
(20, 'Rounded Hair Brush', 'Hair Care', 'Only black color available', 5, '800.00'),
(21, 'Gosen Inferno Badminton Racket', 'Sports', 'Made in Japan', 15, '2000.00'),
(22, 'Adidas Badminton Racket Vft P5', 'Sports', 'A fine Adidas product.', 15, '1500.00'),
(23, 'Yonex Tennis Racket', 'Sports', 'Made in China', 13, '2000.00'),
(24, 'Oliveri GUNMETAL BASKET WASTE Circular', 'Kitchen Fixtures', 'Made of Stainless Steel.', 11, '1300.00'),
(25, 'Kitchen Mixer Tap', 'Kitchen Fixtures', 'Made in UK.', 30, '1500.00'),
(26, 'Handmade Rug Carpet 7 X 5 Feet', 'Rugs & Carpets', 'Made in Sri Lanka.', 15, '1100.00'),
(27, 'Round knitted jute rug 54 cm, dense, handmade', 'Rugs & Carpets', 'Made in Sri Lanka.', 10, '1000.00'),
(28, '1312D 1/2dr Deep Impact SAE Socket Set', 'Hand Tools', 'Brand is Grey Pneumatic.', 75, '3200.00'),
(29, 'TONE Clip Plier', 'Hand Tools', 'for Removing Resin Clip of Automobiles.', 15, '700.00'),
(30, 'Stapler Tacker', 'Hand Tools', 'Brand is Heavy Duty', 18, '500.00');


INSERT INTO `user` (`email`, `password`, `type`) VALUES
('a@gmail.com', '$2b$10$ERbzmFnd8bq9VzfnNWoBAOsVjcasKv/DjbLsnpeJZW6OxxsbRfjgS', 'assistant'),
('assistant10@gmail.com', '$2b$10$ERbzmFnd8bq9VzfnNWoBAOsVjcasKv/DjbLsnpeJZW6OxxsbRfjgS', 'assistant'),
('assistant2@gmail.com', '$2b$10$ERbzmFnd8bq9VzfnNWoBAOsVjcasKv/DjbLsnpeJZW6OxxsbRfjgS', 'assistant'),
('assistant30@gmail.com', '$2b$10$ERbzmFnd8bq9VzfnNWoBAOsVjcasKv/DjbLsnpeJZW6OxxsbRfjgS', 'assistant'),
('assistant39@gmail.com', '$2b$10$ERbzmFnd8bq9VzfnNWoBAOsVjcasKv/DjbLsnpeJZW6OxxsbRfjgS', 'assistant'),
('customer1@gmail.com', '$2b$10$gOzMfXu5VlL6BOXTt/pCI.QCNFUugrwHAkhLTLfkI3lCYM1MGGlRS', 'customer'),
('customer2@gmail.com', '$2b$10$GYW/J5jQ0zzn4kBa1fmJgujNI2defdjFNMNpFy1VErVKEvy1jgrhO', 'customer'),
('customer3@gmail.com', '$2b$10$bnxd4A53DlhlLU0bYBRCvOUXTVkXOpEmOgNUSzTLMK4GSw/G/t4cK', 'customer'),
('customer4@gmail.com', '$2b$10$akL0aHXLe2C5YQ/2qXg2Y.X.dZ5KUSxbwwO1rT8wWAceyu6dpgWPO', 'customer'),
('customer5@gmail.com', '$2b$10$i7JKEqCmtTQBKKOUGloG3evSyEIfANhUrZFhu5Oapj04YTzkebofm', 'customer'),
('customer6@gmail.com', '$2b$10$/xGFMonnNyKslvVqt1jyxOUp5WT37TGsqPWdNm8J6jYW36xYOxbMa', 'customer'),
('d@gmail.com', '$2b$10$ERbzmFnd8bq9VzfnNWoBAOsVjcasKv/DjbLsnpeJZW6OxxsbRfjgS', 'driver'),
('driver2@gmail.com', '$2b$10$ERbzmFnd8bq9VzfnNWoBAOsVjcasKv/DjbLsnpeJZW6OxxsbRfjgS', 'driver'),
('driver3@gmail.com', '$2b$10$ERbzmFnd8bq9VzfnNWoBAOsVjcasKv/DjbLsnpeJZW6OxxsbRfjgS', 'driver'),
('driver4@gmail.com', '$2b$10$ERbzmFnd8bq9VzfnNWoBAOsVjcasKv/DjbLsnpeJZW6OxxsbRfjgS', 'driver'),
('driver5@gmail.com', '$2b$10$ERbzmFnd8bq9VzfnNWoBAOsVjcasKv/DjbLsnpeJZW6OxxsbRfjgS', 'driver'),
('driver6@gmail.com', '$2b$10$ERbzmFnd8bq9VzfnNWoBAOsVjcasKv/DjbLsnpeJZW6OxxsbRfjgS', 'driver'),
('m@gmail.com', '$2b$10$ERbzmFnd8bq9VzfnNWoBAOsVjcasKv/DjbLsnpeJZW6OxxsbRfjgS', 'Manager'),
('s20@gmail.com', '$2b$10$ERbzmFnd8bq9VzfnNWoBAOsVjcasKv/DjbLsnpeJZW6OxxsbRfjgS', 'S_Manager'),
('s2@gmail.com', '$2b$10$ERbzmFnd8bq9VzfnNWoBAOsVjcasKv/DjbLsnpeJZW6OxxsbRfjgS', 'S_Manager'),
('s3@gmail.com', '$2b$10$ERbzmFnd8bq9VzfnNWoBAOsVjcasKv/DjbLsnpeJZW6OxxsbRfjgS', 'S_Manager'),
('s40@hotmail.com', '$2b$10$ERbzmFnd8bq9VzfnNWoBAOsVjcasKv/DjbLsnpeJZW6OxxsbRfjgS', 'S_Manager'),
('s4@gmail.com', '$2b$10$ERbzmFnd8bq9VzfnNWoBAOsVjcasKv/DjbLsnpeJZW6OxxsbRfjgS', 'S_Manager'),
('s@gmail.com', '$2b$10$ERbzmFnd8bq9VzfnNWoBAOsVjcasKv/DjbLsnpeJZW6OxxsbRfjgS', 'S_Manager');


INSERT INTO `customer` (`customer_id`, `customer_type`, `customer_name`, `email`, `contact_number`) VALUES
(6, 'end customer', 'customer1', 'customer1@gmail.com', '0702039918'),
(7, 'wholesaler', 'customer2', 'customer2@gmail.com', '0717746046'),
(8, 'retailer', 'customer3', 'customer3@gmail.com', '0702714406'),
(9, 'wholesaler', 'customer4', 'customer4@gmail.com', '0703040500'),
(10, 'end customer', 'customer5', 'customer5@gmail.com', '0767090899'),
(11, 'end customer', 'customer6', 'customer6@gmail.com', '0768990766');


INSERT INTO `manager` (`manager_id`, `manager_name`, `email`, `contact_number`) VALUES
(1, 'manager1', 'm@gmail.com', 912243998);

INSERT INTO `store` (`store_id`, `branch`, `store_address`, `contact_number`) VALUES
(1, 'Galle', 'no 90,Galle', 912243998),
(2, 'Matara', 'No3,Matara Main Road,Matara', 412243555),
(3, 'Colombo', 'No 2, Colombo 7', 119988766),
(4, ' Negombo', 'no 5, Negambo', 312244566),
(5, 'Jaffna', 'No 10, Jaffna', 213344544),
(6, 'Trinco', 'No 9, Main Road, Trinco', 943322566);

INSERT INTO `driver` (`driver_id`, `store_id`, `driver_name`, `email`, `contact_number`) VALUES
(1, 1, 'driver1', 'd@gmail.com', '0912243998'),
(2, 1, 'driver2', 'driver2@gmail.com', '0712243998'),
(3, 2, 'driver3', 'driver3@gmail.com', '0713309876'),
(4, 3, 'driver4', 'driver4@gmail.com', '0773090800'),
(5, 4, 'driver5', 'driver5@gmail.com', '0712043998'),
(6, 5, 'driver6', 'driver6@gmail.com', '0779843998');

INSERT INTO `driver_rosters` (`driver_id`, `schedule_id`, `worked_hours`, `working_hours`) VALUES
(1, NULL, 0, 0),
(2, NULL, 0, 0),
(3, NULL, 0, 0),
(4, NULL, 0, 0),
(5, NULL, 0, 0),
(6, NULL, 0, 0);

INSERT INTO `driver_assistant` (`assistant_id`, `store_id`, `assistant_name`, `email`, `contact_number`) VALUES
(1, 1, 'assistant1', 'a@gmail.com', 912243998),
(2, 1, 'assistant2', 'assistant2@gmail.com', 772243998),
(3, 2, 'assistant3', 'assistant10@gmail.com', 712230976),
(4, 3, 'assistant4', 'assistant30@gmail.com', 702143998),
(5, 4, 'assistant5', 'assistant39@gmail.com', 776643998);


INSERT INTO `assistant_rosters` (`assistant_id`, `schedule_id`, `worked_hours`, `consecutive_schedules`, `working_hours`) VALUES
(1, NULL, 0, 0, 0),
(2, NULL, 0, 0, 0),
(3, NULL, 0, 0, 0),
(4, NULL, 0, 0, 0),
(5, NULL, 0, 0, 0);




INSERT INTO `truck` (`truck_id`, `store_id`, `licence_number`) VALUES
(1, 1, '10001'),
(2, 1, '10002'),
(3, 1, '10003'),
(4, 2, '20001'),
(5, 2, '20002'),
(6, 3, '30001'),
(7, 3, '30002'),
(8, 4, '40001'),
(9, 5, '50001'),
(10, 6, '60001');

INSERT INTO `store_manager` (`store_manager_id`, `store_manager_name`, `store_id`, `email`, `contact_number`) VALUES
(6, 'Smanager1', 1, 's@gmail.com', 912243998),
(7, 'Smanager2', 2, 's2@gmail.com', 762243990),
(8, 'Smanager3', 3, 's3@gmail.com', 774455654),
(9, 'Smanager4', 4, 's4@gmail.com', 712243998),
(10, 'Smanager5', 5, 's20@gmail.com', 712243960),
(11, 'Smanager6', 6, 's40@hotmail.com', 712243940);

INSERT INTO `route` (`route_id`, `store_id`, `route_name`, `description`, `trip_time`) VALUES
(10, 1, 'galle-baddegama', 'All the addresses in this route should be covered', '02:00:00'),
(102, 1, 'galle-imaduwa', 'All the addresses within this route can be covered.', '04:00:00'),
(103, 1, 'galle-akuressa', 'All the addresses within this route can be covered.', '03:00:00'),
(104, 1, 'galle-ahangama', 'All the addresses in this route should be covered', '00:30:00'),
(105, 1, 'galle-balapitiya', 'All the addresses in this route should be covered', '01:00:00'),
(106, 1, 'galle-yakkalamulla', 'All the addresses in this route should be covered', '01:00:00'),
(107, 2, 'Matara-Weligama', 'Addresses within this route are covered', '00:30:00'),
(108, 2, 'Matara-Hambanthota', 'Since Transportation via railway is not happened to Hambanthota, addresses of Hambanthota will also be covered in this route.', '05:00:00'),
(109, 3, 'Colombo-Gampaha', 'Addresses of Gampaha will be covered using this route', '02:30:00'),
(110, 3, 'Colombo-Kaluthara', 'Addresses of kaluthara also will be covered in this route', '04:00:00'),
(111, 3, 'Colombo-Panadura', 'Addresses of Panadura city will also be covered in this route', '02:30:00'),
(112, 4, 'Negambo-Meegamuwa', 'Addresses of Meegamuwa will also be covered in this route', '01:30:00'),
(113, 4, 'Negambo-Gampaha', 'Addresses of Gampaha will also be covered in this route', '04:00:00'),
(114, 5, 'Jaffna-Polonnaruwa', 'Addresses of Polonnaruwa will also be  covered in this route', '05:00:00'),
(115, 6, 'Trinco-Anuradapura', 'Addresses of Anuradapura will also be covered in this route', '05:00:00');


INSERT INTO `railway` (`train_name`, `max_capacity`) VALUES
('Colombo Commuter', 300),
('Connected Train - Matara', 500),
('Intercity - Colombo', 250),
('Podi Menike - Badulla', 400),
('Udarata Manike - Badulla', 420),
('Udarata Manike - Colombo', 250);

INSERT INTO `railway_schedule` (`train_name`, `time_schedule`, `available_capacity`) VALUES
('Colombo Commuter', '2021-02-18 08:00:00', 270),
('Connected Train - Matara', '2021-02-18 05:00:00', 500),
('Intercity - Colombo', '2021-02-18 15:00:00', 250),
('Podi Menike - Badulla', '2021-02-18 08:55:00', 400),
('Udarata Manike - Badulla', '2021-02-18 11:10:00', 420),
('Udarata Manike - Colombo', '2021-02-18 13:10:00', 250),
('Colombo Commuter', '2021-02-19 08:00:00', 300),
('Connected Train - Matara', '2021-02-19 05:00:00', 500),
('Intercity - Colombo', '2021-02-19 15:00:00', 250),
('Podi Menike - Badulla', '2021-02-19 08:55:00', 400),
('Udarata Manike - Badulla', '2021-02-19 11:10:00', 420),
('Udarata Manike - Colombo', '2021-02-19 13:10:00', 250);

INSERT INTO `order` (`order_id`, `customer_id`, `route_id`, `state`, `date_and_time_of_placement`, `delivery_address`, `price`, `capacity`) VALUES
(1, 6, 10, 'Assigned to Train', '2021-02-17 20:54:04', 'No10,Elliot road,Galle', '3000.00', 30);

INSERT INTO `order_addition` (`order_id`, `product_id`, `quantity`) VALUES
(1, 18, 1);

INSERT INTO `order_assign` (`order_id`, `train_name`, `time_schedule`) VALUES
(1, 'Colombo Commuter', '2021-02-18 08:00:00');






